D3193915,D2615D2C,D3A07107,D2C39B49,1,2FD0,13EEE,D3A070D0,D2C39B14
FEECB217,D1CAD75,FF6C58BA,D5BFFA6,0,EB26,A19F,FF6C5889,D5BFF75
2EEFD454,A2873309,2EF864AB,A2DA5DD9,1,99FA,10CF3,2EF864E2,A2DA5D38
3E3E43E6,DD34F56D,3E85EBD5,E4FF3C8B,0,13B1A,127FA,3E85EBBC,E4FF4000
E6587585,27CBD48F,E68DBCC0,27FF67BE,1,11554,BF20,E68DBCBF,27FF677D
D681BBEE,DBCC9E85,D6D0951D,DBF0CE67,0,C718,11148,D6D09555,DBF0CE74
EDF29888,2F6B63C7,EE76A2B5,2F93FC01,1,1AABC,CD19,EE76A2B6,2F93FBC6
14161EC7,928437F3,14957C65,930347CB,0,9849,E555,14957C44,93034800
2A165A3D,62A756FC,2A553927,6315590E,1,D21,1CB59,2A5538F3,63155961
1753B977,AFDB9E89,1795BB18,B05AC656,0,38BF,18DD6,1795BB33,B05AC666
86A3669,3E34A06D,8909C5B,3E4A0120,1,1CAA0,F3D2,8909C34,3E4A011F
EFED43E1,1A17B639,F063076C,1A3201B4,1,13696,3463,F0630798,1A3201C7
D741163C,560967CB,D77EA44B,562C3591,0,D74,2C36,D77EA444,562C3600
3B1A1049,ED6016DD,3B63AB88,F2A9B8B1,1,17FC4,1EA85,3B63AB64,F2A9B99A
31815A20,A3873214,31988C40,A39D7E51,0,FE07,426F,31988C44,A39D7E66
DF24EA77,E8D661EC,DF301F00,E8D91B18,1,180B9,10F62,DF301EEA,E8D91B33
C2BD1921,84F70636,C3336EA4,870B7347,1,1E6D4,A913,C3336EA5,870B7555
B9D155,DDFC531,1256A89,E0EC6D5,0,2628,1EB3F,1256AAB,E0EC70D
E5F4F261,F8B99236,E61CCEB4,F8C51716,1,451D,1617A,E61CCEA5,F8C51726
E6B613C4,48DD4D0D,E6EAD8E4,4913ACD2,0,F857,19D83,E6EAD911,4913ACAB
EA543865,E287BEF6,EA5D0D7D,E2D116FF,1,1B91,66B4,EA5D0D8F,E2D1170A
36546DFB,E5B41B80,36D5EA2C,E674B1E0,0,D117,19F68,36D5EA22,E674B13B
E0918B3,A2D5B427,E3949CE,A3129B48,1,39A0,47FB,E3949C3,A3129B58
1FDABE07,1D35A507,2020ACDB,1D605511,0,3D44,8E70,2020ACCD,1D605555
EBF9F01F,15A3D760,EC4CECC8,161DC54F,1,1ADD5,1F061,EC4CED04,161DC58A
F64B3F71,8C173E2C,F65F4231,8C686C21,0,1F29C,7D44,F65F4222,8C686C23
372B146D,B1D7686A,373DEE22,B2466B9F,1,1DA2F,14835,373DEE1A,B2466BA3
D2A734A9,E3A6F489,D2C197C0,E3C5660A,0,12AFD,11063,D2C19800,E3C56627
3949CC3D,62198121,3971AAEC,655522B1,1,1E993,15549,3971AAD9,65552400
28F6BF79,BDAE2926,2955FA0F,BE64D1B1,0,18135,71AB,2955FA22,BE64D18C
EA1FE9C7,49301D8,EA4F1C33,4DE4D7F,1,1DC,19B59,EA4F1C34,4DE4D71
ED74CA1A,83720F71,ED76A5B4,83B00660,0,13E77,1B8B,ED76A5DE,83B006A4
C83575C5,B6D7F8D1,C85D36A2,B77C9614,1,16BDD,112D4,C85D36C8,B77C9746
DF4AA218,56247F4E,DF9B4996,5631BB55,0,1432A,6FB8,DF9B499A,5631BB51
FB78D4CF,39468D8A,FBE8540B,39B856BF,1,745B,9E1D,FBE85411,39B8569F
E4FD582,12CE3353,E55211E,12FE4E8A,0,DF9E,13D09,E552111,12FE4E49
E1D3CF81,D22B42FE,E1D46DD7,D261D6CC,1,5FAB,B379,E1D46E1A,D261D712
E4F6DFD4,53B22C78,E57E5FD5,5422ABF1,0,4CF4,192ED,E57E6000,5422AC41
1163F60E,6E420BA0,119C72CE,6E8274AE,1,7874,10811,119C72FC,6E827487
42400A6,339FC2EB,459B056,34274351,0,282B,2864,459B089,34274341
2ABC6B0B,7E96223E,2ACBDE7E,7FAC0DF7,1,E7E2,1B68C,2ACBDE5F,7FAC0DB7
E62F95CE,C83810B7,E6381E9C,C853F3B8,0,1A939,7DEE,E6381E66,C853F400
F2DFBF45,4529D64,F311FD4A,4549FB0,1,292B,19417,F311FD4A,4549F6E
DFB5F5F9,30ECC5E3,E019FD71,319FFF10,0,30BB,121FF,E019FD55,319FFF3D
238AEA02,71817C6B,2410F3FD,720632F4,1,7F42,46F9,2410F411,720632AB
3C635188,A5AD152B,3CB82539,A849A03F,0,1D946,10934,3CB82555,A849A000
1C26A3AD,41A9EA3D,1C547F70,4257ABB8,1,3BCB,14B49,1C547F75,4257AB61
35A51FE,BEF27E4D,3D75A95,BF64B955,0,133CA,E1B6,3D75AAB,BF64B97E
CC6BC112,5426C0DC,CC8A5CD9,552F34BC,1,11F1B,14114,CC8A5CBF,552F34B5
1750E0A7,C8B995DC,1754337D,C91BF857,0,1BDE1,3BB4,175433BC,C91BF852
33FC5EE6,F1EBDBA1,3427C3F9,F20D5908,1,2951,106AD,3427C3CC,F20D5A00
C36073A7,1BB171E4,C38B40EF,1DF2FE38,0,A51A,1BE60,C38B4111,1DF30000
E9D1BA69,9791C47C,EA52D7C0,97DEA817,1,8BE,14BE7,EA52D7DD,97DEA852
E7F08D04,13284182,E841A715,13498EEE,0,17B19,22EF,E841A6EF,13498EB8
1F90D4C6,BE7A6701,20003E00,BEBBDF24,1,10072,60B6,20003DD5,BEBBDF38
F0656C79,5C45475F,F0E6C313,5C4F7BFF,0,1B0AE,A89D,F0E6C333,5C4F7BED
DD83125E,5AA5D959,DDA2A2C5,5B2F68D8,1,A3DC,484D,DDA2A2B6,5B2F6943
C4770685,6336EE13,C4FF3311,6395C854,0,15E80,1C8C4,C4FF3333,6395C925
DB4FA960,CE94DF65,DB99D583,CF23B6A7,1,E3A2,1082D,DB99D5B2,CF23B639
E2E58862,22CE2CF4,E32B9A82,22DE070E,0,1F1C2,1083A,E32B9AAB,22DE071C
F54E5BDD,E1561929,F5785A07,E1A5361C,1,95E6,1EE48,F5785A09,E1A535E5
1B2AE2E8,728686B4,1B4B9A51,72BBDE0D,0,12DC1,83EE,1B4B9A22,72BBDDF5
53B983C,16D88BF6,57F8599,16FC991D,1,231E,1A9D6,57F856C,16FC9961
3D896228,B1CC22D8,3DF434A7,B5AAF5ED,0,29E3,1AD58,3DF434CD,B5AB0000
E80E2F43,E8F2653,E87199D6,EFE6F7F,1,9174,F59B,E8719A09,EFE6FAC
D0F68E49,C79C8BF6,D1236F01,C7B14CAB,0,2270,1C4FA,D1236EEF,C7B14D55
170D32D3,97B3D1FC,1771DA46,97CB4FD2,1,139EA,6F52,1771DA09,97CB4FAC
2C6D1465,B0A4CA30,2C6ECEBF,B0D069D9,1,1EC4D,1A956,2C6ECEA5,B0D069D9
1E994695,47BB8686,1EEA631C,47DE612F,0,1F77A,92D3,1EEA6333,47DE617D
13B37D4C,12943210,143BF257,13041A74,1,14E87,4E8A,143BF271,13041A5A
16527355,48B49DCF,168B5793,48C522D4,0,4544,1FA30,168B5777,48C52323
24FF6D53,DBDA779C,253AA594,DC475C00,1,A421,EE0D,253AA56C,DC475C58
26B58AB,9A51207A,2C7C618,9AB11A0B,0,13693,13688,2C7C5DE,9AB11A09
681B677,EA8328B8,6AE36D8,EAB2B0A3,1,5135,163E0,6AE36C8,EAB2B08D
38BDFF76,372DFB5E,38D7A578,384913FF,1,CD99,1D48E,38D7A56C,38491555
C4C2B037,86B48463,C51B3A4B,87A9E4D4,0,1930D,1AD2A,C51B3A22,87A9E492
3A104357,EA581875,3A3774DE,EB7EEADA,1,1563F,183C3,3A37749C,EB7EE925
3A8A0538,7A313292,3A921D42,7C8AA090,0,1D1F7,13E53,3A921D55,7C8AA000
2B532005,86308A86,2BC58BC5,86F768F3,1,B43A,1E0C1,2BC58BEF,86F7697B
22807D49,1D6FF97E,22D78BF5,1D71D0B9,0,15426,1E2B6,22D78BBC,1D71D069
1B639A25,54497A26,1B83327C,54E9CCCB,1,B9E5,168C8,1B833271,54E9CCCD
E0057C3A,6E099EC6,E0419366,6E8A696F,0,7AF4,115AA,E0419333,6E8A6925
304C211,CCCBB024,33A8A0A,CD3F28D7,1,1F3EF,27A,33A8A4E,CD3F28D4
25BAB39,5E8D95C3,2DBD9FD,5EF2EF67,0,15C39,10FE9,2DBDA22,5EF2EF30
CF9709CF,25AFD746,CF99F7BA,26D331B2,1,C3E1,17A99,CF99F7DD,26D33249
2335DC1E,A556B956,23B69C7A,A5E0C2C1,0,F665,FAE7,23B69C44,A5E0C287
CCE47603,96B82496,CD4D0663,96BFCBEE,1,8604,CBE3,CD4D0682,96BFCC72
325A2FCB,C5DD2532,32C027ED,C73BAEC8,0,1284B,4B70,32C02800,C73BAF28
996358C,4E0B9C43,9BC28E1,4E1F0D67,1,1F2EB,12750,9BC28AE,4E1F0D79
CC57DB40,133E3803,CCDFB6A0,14DF2027,0,2376,1BD82,CCDFB666,14DF2000
FFDE050C,F6BB85A1,FFF703A9,F6E2AEE3,1,1EF6F,17ADD,FFF703CC,F6E2AEE6
17E4917C,319854AA,17E78FA4,3202B4CA,0,D22D,9425,17E78F77,3202B4E6
312E6452,89A80FC3,315CDE66,8B0ACD7C,1,1033A,E6C0,315CDE5F,8B0ACCCD
E19B21E9,BC201555,E2144A34,BCA48FD4,0,1E60B,16246,E2144A22,BCA49000
220C4CFD,5506CC8F,22868F4E,55C3C0DF,1,1A818,1D875,22868F30,55C3C0D8
8A15AA7,DB103CDE,91195BA,DB39D952,0,100F9,158DA,91195DE,DB39D961
DA1CB97A,B0505B80,DA6C6FB4,B0AD1DE0,1,B7EE,13D59,DA6C6FBB,B0AD1E2C
15107124,6AF96942,15409FC0,6B74CD29,0,1D92C,9DCD,1540A000,6B74CCEC
C72A3E1F,BABB1A30,C7AA0532,BB1B5E03,1,217A,788D,C7AA056C,BB1B5CCD
25A48E70,11E40EC0,261C4C45,12564BF5,0,1750F,E63,261C4C44,12564BE3
2B672,2AE0DDCF,4C39F,2B27519F,1,8C9,3744,4C3CC,2B2751A8
34F633C6,52DD9C0C,351AC36A,5491360E,0,1922E,1A411,351AC333,54913555
23C204D4,F06CEB9,240B19DB,FB82DB7,1,7478,1AF33,240B1A09,FB82D55
CC9BD97E,281F8CC6,CD08C3B3,291F6EE5,0,706F,121AE,CD08C3BC,291F6E39
2B7F4B0C,31696BEC,2B8D0A58,3271E88A,1,4C0B,901C,2B8D0A4E,3271E84C
D4DB9910,B22B5427,D5040F18,B26FD116,0,1679C,1B555,D5040EEF,B26FD08D
E6612CBC,F517174B,E6CDCD9F,F59F9F1B,1,18B73,C272,E6CDCD8F,F59F9F52
D09830E6,C4248D43,D0ADE55F,C55077D9,0,1460E,1D1D6,D0ADE555,C55077A7
2EEE7D33,EA8B77F6,2F392616,EB55E6E4,1,1115E,1CB0F,2F3925F7,EB55E746
366D1B83,7542B3DA,36BA6AA6,75F0349A,1,E7B5,3A14,36BA6AD9,75F03555
CC3DDC84,5447C4A5,CC95EF2F,5489F6CE,0,19920,18D9B,CC95EEEF,5489F71C
317BFDC4,E4476747,317F37C5,E452CB6A,1,1428F,19129,317F37DD,E452CBCA
CD4133F0,F7E55E43,CD4CD910,F8EEED4F,0,F017,1CDDD,CD4CD911,F8EEED79
1E691898,578761FD,1EEABA71,57E08141,1,100C8,156AA,1EEABA94,57E08186
CE57C0B0,D4416B5A,CE95DB5B,D4716F92,0,158FB,C6E6,CE95DB33,D4717000
CB4C3B72,3457FF59,CB67DA7B,3460B7D3,1,1077B,8D56,CB67DA94,3460B777
CB116316,D16A92FC,CB2CF9B7,D311891A,0,F454,188C5,CB2CF99A,D3118A00
37B620AD,AD10D7A7,37D3EB60,ADC66DA9,1,EEBA,4E02,37D3EB64,ADC66CCD
CF8B7275,525F87DB,CFAD1E94,537F7AFC,0,16499,167A5,CFAD1E66,537F7BA3
BAE27E,33181CB4,E7FF50,334E71A0,1,1ABBF,FE2E,E7FF75,334E71A8
109DEFDF,7550ABAE,10C0F299,75BE528D,0,169C7,B12B,10C0F2AB,75BE525F
F2F98A2E,54A49DA9,F3150C3F,55257227,1,2ECF,10188,F3150C79,55257249
9C4153A,93E883FE,A4C86DD,93F357ED,0,14F7D,290F,A4C86EF,93F357B9
3C60644F,1AF38A37,3C994247,2183F7C0,1,1BA92,1245F,3C99422B,2183F555
D3EE974A,57F0DFF3,D42F8971,583C3962,0,1D922,134B2,D42F899A,583C3925
F1E03BCE,5F77757C,F2033A25,60009552,1,35F3,10101,F2033A09,60009587
119DE43E,682564E0,11F9A7DD,68364BA4,0,1B41B,1DBA0,11F9A800,68364BDA
208D5CBE,5F66F60A,210B2D9E,601A4260,1,EC9C,20D3,210B2D8F,601A4266
D2C5F7A8,F6D3BC4C,D31BC715,F712F6EF,0,1D415,7800,D31BC6EF,F712F685
27133F82,9610D27B,2796FEAF,96186F6C,1,FE66,186F,2796FEEA,96186F00
DDFAB70D,ADB896C6,DE52A2D5,AE2313AC,0,DAF1,1ABD9,DE52A2AB,AE231400
1B9E8229,7ACD10DF,1C0274DB,7B05F690,1,1A487,10063,1C02749C,7B05F6C1
C307672D,72E864BA,C31A3416,737F01C4,0,1D122,6FE0,C31A3444,737F0000
E45073FB,3C400A04,E4C7C6C1,3C987279,1,1D056,11B25,E4C7C682,3C9872C8
109A462C,CE2FB531,10C98F95,CEA527ED,0,179ED,B6B3,10C98F77,CEA527B4
161CD427,F8225A4E,161E887B,F8854F5C,1,C84C,504C,161E88AE,F8854F5C
F584E75A,B99F6410,F5DAC64B,B9F39E7C,0,FA34,1098F,F5DAC666,B9F39E58
D0F5358,8B20D578,D2836F0,8B80CA10,1,4225,1C55B,D2836C8,8B80C9E4
C16671F2,3D6D25C9,C1D77271,423BDF41,0,173F7,11DF,C1D772AB,423BE000
23771646,42CF7053,23A6AC9F,430C5A60,1,1BB4E,18648,23A6AC79,430C59F2
D4A24791,5A253878,D4E0BDB9,5AD5F1E8,1,7E5E,17B34,D4E0BDD5,5AD5F249
DE5C8872,50C8FDB8,DE9E127C,51309154,0,16863,17CB6,DE9E12AB,5130919A
CBE8994F,32513E1D,CC3AE8B1,33C6EE6D,1,8C9D,1E377,CC3AE8AE,33C6EE00
D12D160C,45955081,D191A126,45EE9B97,0,F10E,A26A,D191A111,45EE9C29
EF91169F,38CF8DD9,F014D82B,3912BEFD,1,A66F,4FA2,F014D868,3912BED1
3C2D7255,3754CDFF,3C8C1481,3E18EE42,0,186A6,1C31E,3C8C1444,3E18F000
D40FB9E7,BAA9B12E,D445A85A,BAFC840C,1,1606E,1C50F,D445A823,BAFC838E
2C3C22FB,361F7B88,2C91A1DC,3711310D,0,1910F,7681,2C91A19A,37113098
119EEAB,CA53763B,14F7E30,CAC1D460,1,6A91,17F51,14F7E5F,CAC1D46A
3092D72B,FC6E36C5,30D90032,FCD2FD58,0,196E0,1EA76,30D90000,FCD2FCF4
D23A3BC4,91D6011E,D27FB89C,92774E80,1,1B7C,6D35,D27FB868,92774E14
E2A14AD,AA99B0F3,E2B98FA,AABCC77D,1,2062,17477,E2B98F3,AABCC790
EE22050,A46D87D6,EE7DC09,A4FE6F95,0,1F2BD,BD43,EE7DC44,A4FE6F6E
C8F3A1C9,79F75EED,C9537CC6,7A6597DF,1,131EE,1E619,C9537CBF,7A659800
D5ED8E1,6CCE6C69,D728A5A,6D346CBE,0,136C3,11BBE,D728A22,6D346C92
209871E9,6BC2A7DB,20D65DAE,6C7EFAC3,1,8B3D,19EB9,20D65DD5,6C7EFA66
2FD6EC2D,169A489F,2FDAA7B4,16A2F077,0,1B9FA,451D,2FDAA777,16A2F0B2
E9C64535,B5564B32,EA331225,B5A437FC,1,1CE29,1D097,EA3311E6,B5A437AE
1E9E1C00,82984F5C,1EEF01F0,829EA213,0,24,1852A,1EEF0222,829EA23C
387B2D29,6B1B376,389AE6DA,99DF91B,1,5D9A,B46E,389AE70D,99DF8E4
7BDB508,8FC630B3,7EECBB5,904BE16B,0,DFBE,18989,7EECBBC,904BE1A8
C49E1A2B,1D53E1F6,C4F5AFE7,20EE9972,1,124FC,2CBD,C4F5AFBB,20EE9AAB
E38514F3,AB3CEF5B,E3D1E2A4,ABB825EC,0,12989,D8B7,E3D1E2AB,ABB82643
33B92541,3F4335F2,34194A01,3F78BAAB,1,EA0,1BC5D,341949C3,3F78BA00
1921F107,C2D95ECD,196399E8,C3270898,0,19AC1,BA8D,19639A22,C32708AB
AB735A1,B56E04AD,B04E86E,B5F84777,1,510D,727D,B04E8AE,B5F8476E
5E78257,339869D5,617863E,3398B882,1,13B60,184CE,6178682,3398B847
C12B7EB8,4EDB6C43,C14EDDC9,5AD186FC,0,73E0,D68C,C14EDDDE,5AD18000
39346D14,ABB7915B,399FAD38,AC1DDBDD,1,3E67,10777,399FAD04,AC1DDC00
3F02520,5FF04B73,43BEBCE,60153F49,0,1F05A,1272D,43BEBBC,60153F75
11B7386E,5E07BD1C,11EB964A,5E6356DC,1,10A5D,5488,11EB963D,5E6356F2
2F64CEDB,99F96B25,2FB17D77,9A33A27B,0,16CCB,D51D,2FB17D55,9A33A2C8
CC89C460,7D04C911,CCA4C152,7D0F7954,1,14FC4,7038,CCA4C116,7D0F7878
25D14B8B,B2827FB1,263710B0,B315CB90,0,1A73F,1DFD7,26371089,B315CBE3
D4B329A0,E11E3D9F,D4EA1008,E1B95A03,1,8F8E,1822F,D4EA1045,E1B95A49
F18D2AA1,71F497C3,F20CE596,7278A557,0,1D82E,5321,F20CE555,7278A525
122FFBC3,A2AB370B,12B31560,A341C50A,1,7A2F,14AE0,12B31527,A341C4EC
E5AA0C59,3FFFE7F7,E5F34140,409E0BF9,0,1281A,ED12,E5F34111,409E0C00
33BF640C,67E45ED1,344200B6,68A6AB9D,1,59B1,10E20,3442008B,68A6AAAB
F31E0549,C65B68F3,F374D89A,C6CFBD10,0,7B16,2209,F374D889,C6CFBD31
F16276C0,D413A325,F1DD0071,D45DD416,1,1EF79,10145,F1DD008B,D45DD45D
294DB485,3719F124,297BADAA,3799D2B1,0,1C7E6,1DD04,297BADDE,3799D295
2D19667B,7D18187,2D8F6280,8A51BF7,1,5E,C0FE,2D8F62B6,8A51C29
E2840BC2,A239F9F2,E2D70B8B,A2878EE6,0,15336,8EA1,E2D70BBC,A2878EEF
25FCA9ED,EB0B0BC,2631A3F0,F2910B0,1,6B86,1BA2,2631A3CC,F2910F1
CE7B1E04,76BABBDF,CEA40F52,77BEA328,0,1739D,951B,CEA40F77,77BEA30C
DF0A9ADC,CC5DFF68,DF669FDD,CD05A31F,1,1E537,470C,DF66A000,CD05A333
15E631E,9BA89B4C,1C76B07,9BEB6333,0,155E9,179FF,1C76B33,9BEB6341
1645B5B9,6622976C,1681506D,66735CDA,1,17E6C,1441,16815045,66735CCD
3D2A0F1,6F1EF87D,3E98972,6F663F6F,0,155E2,16485,3E9899A,6F663F75
FFD40CE7,18CE0BEE,2B99A3,18F69FA6,1,5063,13F01,2B997E,18F69F73
D69F2CB0,D1C5BB6D,D710CC23,D20521F6,1,86F8,174F9,D710CBEF,D2052211
F852A7,B8BCFB38,146E526,B8BDD104,0,64EE,9DF9,146E555,B8BDD0D0
CAC39B31,1D0C741F,CB42412C,1DA7117D,1,C228,1E650,CB424116,1DA71111
3F5DEE54,7893367A,3FBD74EF,7B7B0239,0,1833B,1DBD8,3FBD74CD,7B7B0000
E819636B,F159F7D2,E8258E92,F1C6CD4F,1,53F,AA34,E8258EA5,F1C6CD55
914A1D8,C87A41B4,95E5719,C8F1D36C,0,190E3,364F,95E56EF,C8F1D34F
FDFBD756,59A5F691,FE4400DF,5A2330A7,1,CD62,15FC8,FE440116,5A23308D
EFD8FF57,BAF64EC1,EFE3ACD6,BB4EA02D,1,4BC7,14AE,EFE3AD04,BB4EA000
CB9E3E9F,9E0E263,CC02A34E,BA2E1E2,0,84F2,2E88,CC02A333,BA2E1E2
3760ACD7,CB08F332,37AE66AC,CC4B7DF4,1,A98D,39F3,37AE6682,CC4B7D17
23F622FA,7A94025D,2421B651,7AB98755,0,1BF36,1E684,2421B666,7AB986EB
DB063B1A,6E03BE60,DB6AB90E,6E050C72,1,8CC5,1C5AE,DB6AB8F3,6E050C72
CCBE1563,67BCCECE,CD3076D4,689332B1,0,BADF,1766,CD3076EF,68933287
EBE64B37,BE8C1A26,EBE9266A,BECEAC10,1,F5DF,1962,EBE92682,BECEABEC
25F46275,DD832B37,26468342,DDFBC6E4,0,1C436,CB62,26468333,DDFBC750
E6FFF429,25D7A4E8,E70D0C24,25F95384,1,E,F5FD,E70D0BEF,25F95355
14E920EC,27633EA8,14EDCBA6,27AEB463,0,13DDE,7BE5,14EDCBBC,27AEB44F
3F4AFFC2,359B86BC,3F5040EB,4647AB51,1,BBF8,323D,3F504116,4647A000
CD8ABD55,5B479E5F,CDA4D9B8,5B6A8278,0,19518,473D,CDA4D99A,5B6A81AF
143885C,F73B9E72,15D4747,F757A64A,1,83FB,4EDD,15D470D,F757A612
282801F7,1040CF44,286AB6F4,10D0248A,0,1C817,D025,286AB6EF,10D02500
187D7F7F,32DC3205,19059313,335D7135,1,2247,10C2A,190592FC,335D7155
E89C6B2A,D4DAC86B,E8B997F3,D5031542,0,5BFD,D4D1,E8B99800,D503151F
F534B51F,18871E8F,F5B1AA34,18990019,1,FF92,1D088,F5B1AA4E,18990000
CCD6EAF1,60B9AE9A,CCD79EFD,615EC49E,1,1AD8D,1BA58,CCD79EEA,615EC3C4
D462BF8D,9529CFAF,D4BE47A5,955BB93D,0,E4C6,15B20,D4BE4777,955BB961
60CE2AC,37424530,659AAE3,37569778,1,1B553,4CF3,659AAD9,375697B9
1B5F0308,9F15DBE8,1BC307E3,9F764620,0,DAF,13A05,1BC30800,9F764643
D1584506,49DC96D1,D196AD81,4A097B2E,1,6DD0,1871C,D196AD8F,4A097AAB
1884ECD6,3156D941,18B2A485,319D1EFA,0,4EF4,1F897,18B2A444,319D1EB2
D80A9C4F,D64C7327,D84243D1,D6A45846,1,BA2D,A458,D84243CC,D6A45800
967A0F3,650A34F,9C078A7,6C7F559,0,48E2,4A6D,9C07889,6C7F584
D08E3C7C,C347FB7B,D0F0DBAB,C3C8DD46,1,13C15,B85F,D0F0DBA9,C3C8DD38
37D0E762,70A6A698,37FC5BC6,70CBF271,0,F92C,C61B,37FC5BBC,70CBF174
FC8C75B3,6082E2BB,FCB18256,60E89F75,1,1E748,1A5A1,FCB1822B,60E89F73
DD2B257C,CA7A8914,DDA23DF7,CAD37FAE,0,19034,131C4,DDA23DDE,CAD38000
D7C9862,47F8D995,DAAD3AF,48070176,1,132F6,1CC0B,DAAD387,480701BF
11603673,663E6AD1,11D5C593,66433314,0,170D2,9166,11D5C555,664332F7
20DE1B41,1DF6AF5A,211282A0,1E258F33,1,FA21,1AEF3,211282B6,1E258F33
D87F708,7D792D59,DD55FA0,7DDCABA6,0,1F013,422C,DD55F77,7DDCAB6E
3AEEA284,83BE57F1,3B125CC8,84756E34,1,E9DB,D605,3B125CBF,84757000
336CBDB0,5372F79B,338A511E,540B478C,0,A358,A5FE,338A5111,540B4788
D9B95A3F,A1808CA0,DA1132F2,A186425B,1,FB6,19EA7,DA1132FC,A18642D3
3BF8CB62,852490AE,3C45A11B,8A9B0FB1,0,1028E,1A83A,3C45A111,8A9B0CCD
2CD6F5F4,70D9006D,2D126131,70E62F57,1,119E3,33D5,2D126116,70E62F5C
2ABBE80D,636137A6,2B019D75,63B794DE,0,A307,5E5F,2B019D55,63B794F7
FDFD40B3,EC74DA06,FE1B7844,ECC390E9,1,82A6,12277,FE1B7868,ECC3911A
224CD78B,AD6249D4,228191C7,AD6F9D03,0,B2F1,16007,2281919A,AD6F9CB8
313251E2,4777A64E,3191F55C,48A35980,1,1651C,120FD,3191F527,48A35943
E78BD7AC,4B9239EC,E7FD9BAB,4BDD0479,0,FB84,2A6F,E7FD9BBC,4BDD0492
DCFB5051,B9FE3452,DD57861E,BA1CD488,1,195F,1023C,DD5785F7,BA1CD436
1DB992BD,DAD9BDA5,1DCDED70,DB4CAC7E,0,1E21D,1896D,1DCDED55,DB4CAC5D
39D1507D,D9DC2D2F,39EAA1BA,DD67B858,1,C89A,6EB0,39EAA1A1,DD67B6DB
1107F1E6,25197130,1174CDB1,25895888,0,BB02,157C5,1174CDDE,2589584C
351B2735,F5FCA142,357876F6,F7D1B1DB,1,961B,6BBE,357876C8,F7D1B249
36099B87,3E3384D8,3657E661,3E34A3A4,0,1E4D0,14562,3657E666,3E34A276
FC181AC5,E5BA9359,FC2F257C,E6156CF2,1,F6ED,106D5,FC2F256C,E6156CB1
CE84F63D,258AB0B2,CED2BC47,25DBFA5F,0,1CB21,D85C,CED2BC44,25DBF9E8
F86BC547,9B4A6115,F8E461D5,9BA10C52,1,E514,13E6,F8E461A1,9BA10C23
2B93D2C2,2E0624BB,2B993E5C,2F03424D,1,628B,1AAC0,2B993E5F,2F03425F
F22C851D,396CABA1,F22F22C9,39F03660,0,1861,1645F,F22F22AB,39F03649
E6584C46,98B603B7,E67986CF,98E293AD,1,F011,8CC9,E679870D,98E293BF
5ADA6B3,1A78DD64,607E746,1ACE6592,1,11E92,9618,607E70D,1ACE6584
EC3DF73F,E28E2C34,EC700C14,E2AEF502,0,15217,171C6,EC700C44,E2AEF522
3BB8EE52,A0F1D469,3C07AE5C,A6D1CDBB,1,AE29,DA3A,3C07AE1A,A6D1D000
EC94916A,DDA316AD,ECF1EE60,DDCC5F18,0,459F,15A7D,ECF1EE66,DDCC5ECB
E87065C,4ACC2E29,EDE4B7F,4B417647,1,169DB,15883,EDE4B64,4B41761C
2BB598F0,D6846CF4,2BCEBC1E,D6D625BC,0,23A1,1FB61,2BCEBC44,D6D625B7
3264990,C42772F3,34E6C4C,C4381592,1,1898,1A5A7,34E6C79,C4381584
DAC56B2C,62E67223,DB31444E,63B747B0,1,22D6,2E31,DB314457,63B74800
D582F2AA,31AAB155,D5DBD577,31D7D192,1,4D52,12B96,D5DBD5B2,31D7D1A8
161335B2,6FB4A6DC,16651EA7,7040726D,0,1FD99,E6B6,16651E66,70407232
305AC5D1,28998A83,3078C25C,296D332A,1,15EA6,12FAA,3078C22B,296D33CF
1BB975EA,71E6D9F9,1C3FE030,725624EC,0,F7C4,5BD5,1C3FE000,725624DF
C772D208,75F93A72,C7A7BA0A,764ACF71,1,1D3F,F761,C7A7BA09,764AD000
26D48A2E,ED18BB55,27109F80,ED3675FB,0,13F2B,9DD,27109F77,ED3675A6
3769DC62,F7052EC3,37A2C992,F8EB9A37,1,9424,190FD,37A2C9C3,F8EB9A2F
1B015046,D0566498,1B1BC763,D064A93D,0,D416,13D9,1B1BC777,D064A988
F1EE436C,13530CB,F268555B,165BAB1,1,F05D,66D9,F2685527,165BAC3
3585EB6B,B87703F2,35A7B1AB,B9B11620,0,9A6D,13D7A,35A7B19A,B9B116DB
C4362615,155D075F,C4387BFB,18EAEEBE,1,1C825,11D5E,C4387C34,18EAF000
F81754FC,AC1361C2,F81D95CC,AC91E12B,0,13779,C868,F81D95DE,AC91E11A
2B6611A6,F6006386,2B77FE81,F64A4A9C,1,253D,1CEAF,2B77FE5F,F64A4AAB
E87BD73C,7D94C86,E8E273B0,834B3A3,0,A899,D259,E8E273BC,834B3D7
5DDA9C5,E2C05BBB,64A080A,E34A102D,1,1987F,1F63D,64A0823,E34A1000
CA6D0D9E,8FB92FA4,CAA96663,90F715E9,0,1FDA0,1F3D2,CAA96666,90F71555
DD347586,4FB1D6F9,DDA975CA,505D6186,1,B071,16EE4,DDA975B2,505D61AF
DBEB7DD2,5E47B8FB,DC438BE5,5EDD4065,0,FEA6,A6BC,DC438BBC,5EDD4000
CFEF42A2,3A8AA0FA,D00D4035,3BC35EE0,1,1986E,13836,D00D4000,3BC35E7A
2D154F5,7F1C9BE7,32CD30E,7FA55F68,0,1F40C,158E8,32CD333,7FA55F75
DBB9F045,2F10204C,DC2A531B,2FA13774,1,1EE09,11268,DC2A52FC,2FA1375A
F71FFF59,B979E8C3,F7343DBA,B9DE3FE9,0,181F4,E2D4,F7343DDE,B9DE4000
9B173B6,2A7AD7CA,A305A13,2AA3E2D8,1,C926,1F3EC,A305A09,2AA3E2CF
E22DE29E,AAC22147,E248BF95,AAC70CA3,0,4867,D1B1,E248BF77,AAC70C5D
