DA045D06,492323E2,DAA61FE8,4C91DCE1,1,C893,EFE2,DAA6208B,4C91DB6E
13EBFAB3,131D4462,1602F936,131F3CC2,0,5165,19E72,1602F99A,131F3C3C
1DDE31EF,CC365158,1FC3227A,CE7319E3,1,A3F2,20DE,1FC322B6,CE7318FA
D8226FEA,C373BD7A,D92C9AC7,C5E03BC2,0,1CCE9,8F90,D92C9BBC,C5E03C3C
C5792F75,19CAF427,C6D34F68,23D4FBB8,1,1A567,3D50,C6D35045,23D50000
D069B5F7,F1700DDD,D1D261DC,F5EDBE41,0,5A9E,86F,D1D26222,F5EDBD71
D97DCFAB,87F6209D,DA15873D,8B8B6DE6,1,85EC,11109,DA158682,8B8B6D2D
2A2EA482,37CD5FB1,2B6FA34B,39CB30BD,0,5C55,A473,2B6FA444,39CB3249
DDD9EA13,3F71301D,DEF9C361,40B1F507,1,C720,379D,DEF9C341,40B1F666
4DCCC0D,E3AF8449,5755243,E592F3B4,0,8EFF,1D1BC,5755333,E592F2FC
348A06BF,BEC9B661,353B453C,C15FD603,1,8952,1267B,353B456C,C15FD249
3C5E168,7B52EA2C,53ABE49,7BDDFABE,0,7389,11852,53ABDDE,7BDDFBA9
3971D4F,8A9C1782,3AFA422,8B6D1BEE,1,1B2F6,12D71,3AFA4E2,8B6D1CB1
DB7B9F89,C1065A55,DB899A5A,C2762DCE,0,E880,3629,DB89999A,C2762CF9
D871E80E,717B48EB,DA87B793,748A9BE8,1,BA8F,1DDE7,DA87B868,748A9D42
6108294,1FBBCD00,7D03162,216F8C14,0,1A997,1268B,7D03111,216F8B09
8BBB038,4B49C84C,9772E76,4CC2C5AA,1,5CEF,2EBC,9772D8F,4CC2C59D
DAE8D471,D79B935F,DCEC28F8,D7D82337,0,18EB3,1C3DB,DCEC2889,D7D8241A
E37B6FF4,D38BE812,E4B74ED2,D5D2E84D,1,16C7E,D7CB,E4B74E1A,D5D2E6F5
F914A056,864BDA8D,FB2CEA70,8830DCD0,0,1BD0E,C686,FB2CEAAB,8830DD4A
F58E72C9,93BE3BF2,F72207B5,94969308,1,1E9B0,2B0D,F72208AE,949691F7
3059848F,41471C91,3146A998,470394A9,0,1191F,1A696,3146A889,47039249
E3A2CF43,BFA1B9AB,E43525A3,C0679D39,1,1307F,1A46D,E43524E2,C0679C72
DDBD51DE,452EA71E,DF6774B4,45A58F35,0,B87F,4F08,DF677555,45A58F9C
CDEDAF30,99BF8AC2,CEBDF381,9B093FA9,1,14B8E,3972,CEBDF2FC,9B094000
20AA3B9C,7B559568,21F9202B,7E15C3CE,0,1ECC7,166CD,21F92000,7E15C333
2AB305BC,1F2397D0,2ADD956E,23212E1C,1,1C223,1AF42,2ADD95B2,23212DB7
CD579EB1,86A920C7,CE1AB325,89CA587D,0,9C84,1879E,CE1AB333,89CA599A
DEE525F6,790EDB11,DF9FA6D5,79B7D097,1,11397,FCE1,DF9FA70D,79B7D12C
D5D61CDF,DC8D5C82,D693C54A,DE8FFE8D,0,9544,1E6E0,D693C444,DE900000
325AE736,D37853F6,339A1CD9,D494AA53,1,1C909,9295,339A1C34,D494A800
F6F503DA,7E78CED0,F876D73B,7F82DF0E,0,77B5,1C74D,F876D777,7F82DEE6
2F1F83CD,85692F70,3135C5E7,86BCF65F,1,AEC9,10D86,3135C56C,86BCF333
C34DFF3C,49BE50BA,C50164AC,50A4EFAC,0,58A7,6905,C5016444,50A4EDB7
EA3428AE,3B618536,EA68EEF9,3D5BE4C4,1,C5E,1F7E5,EA68EEA5,3D5BE3D7
E7B8C877,E98B0671,E99AAE12,EAEA2D90,0,18082,1994E,E99AAEEF,EAEA2D2D
3816777F,88955EF1,39CFCE56,958068C5,1,A5C9,2D06,39CFCE1A,95806DB7
D37FEC7C,45363424,D4AB1645,46AE57DE,0,1B032,380,D4AB1555,46AE5847
EE5BC8F9,7D684433,EFD24F4D,7E45FB27,1,8AF1,14586,EFD25045,7E45FB42
F81D06FF,B70F1A2C,F8B6B58A,B8F3FE17,0,95A5,14077,F8B6B555,B8F3FDD5
12CA2098,C7601523,13B68CDD,C915A954,1,11625,1B0CD,13B68D04,C915A9D9
311B8B7E,51B45607,31B5B6FD,542A0C8F,0,14D2E,12692,31B5B777,542A0CCD
C7805BA7,AA8BAA78,C94B0B58,B3EB32E6,1,C897,DE0D,C94B0AD9,B3EB3555
923528E,B096C4BB,9C61829,B0FC9155,0,94DB,3272,9C61777,B0FC91A8
DE56C1E0,14FB67E5,DF7F363D,17E913CB,1,104A3,178D6,DF7F363D,17E91333
6DAB24A,F8093C84,71FE091,FA342F87,0,156F1,1540E,71FE000,FA342FBB
3D762864,800034DC,3F132602,CD2D9B46,1,112D4,19A5B,3F13270D,CD2D8000
19393B6C,B2218950,1946F16F,B3077A5D,0,1D941,122CE,1946F111,B3077AAB
2152E4A2,F1EF15BB,2273CF7B,F43F29EF,1,1E162,82C0,2273D045,F43F286C
12886603,28BAA579,13EA9E1F,2AA18732,0,155FA,1519F,13EA9DDE,2AA18762
148B577,E44FAABD,23F051D,E62ACF4D,1,1090C,4B66,23F0457,E62ACF73
D1A6AB10,4FF9836,D28C13E0,5174798,0,B1A9,108BB,D28C1333,51749D9
26C61DFE,1649DD99,27977BAB,1A0D545E,1,3FD3,8355,27977BA9,1A0D5400
2C1028F2,880F80BE,2C94F3BB,8928531F,0,E5D2,EE82,2C94F333,89285555
2FF076BF,E8DA9F17,315A78F2,EDF0A5CC,1,BFB4,12D9A,315A797E,EDF0A666
F7E1F9B8,ABDC4BD8,F9277BB6,ACD5EF76,0,CA82,1AA9C,F9277BBC,ACD5EEA5
F653F5D9,91E93530,F65888A3,92F0A1C4,1,18CCF,16F28,F65888AE,92F0A1AF
D8632396,B59D13F5,D9638714,B90E3BA4,0,1E6A7,127C8,D9638666,B90E3C3C
31EEF774,BB3CF4A,33088B13,1136F8D1,1,185F0,494D,33088AD9,1136F878
E10DD5AF,93C96A3C,E2099B16,93D97212,0,1F481,D2BF,E2099BBC,93D97174
ED0CCE7,8D8C4221,F9D7D10,8E6B131F,1,13298,152C,F9D7DD5,8E6B12F7
F3FCD473,CF778219,F550BD80,D19D4444,0,FDD9,15808,F550BDDE,D19D435E
3D21D4FF,65D7FFC3,3DD79168,922BBED1,1,815D,12457,3DD7915B,922B8000
D48CF21C,27109528,D54AA835,28200BC0,0,1FAFF,11743,D54AA889,28200D3E
C77135DE,2643E0E2,C9164540,2D30247C,1,B044,3C83,C916456C,2D302000
FD8B9417,F04795FE,FF91137C,F14BFBD0,0,1CC01,13906,FF911333,F14BFBA9
13A1ABEF,8CD8A174,153278D7,8E77E142,1,1C544,C3C4,1532797E,8E77E1E2
1ABC76E3,59D72AD1,1B4FFC75,5C25B35A,0,CD7E,1D5D8,1B4FFBBC,5C25B3BF
2BF4F0E0,DC5F2A94,2DD7F187,DF4E27E6,1,12189,1DEA7,2DD7F0D0,DF4E2555
37CC0727,BB27E51E,3943E63D,C7C81D79,0,D7D4,C12,3943E666,C7C81C72
EF0D2384,E0AA6E6D,EF8C2FBC,E2B93CB8,1,6A9E,1A626,EF8C2FBB,E2B93DA1
D954992A,D22EDCA3,D9A311A7,D3142547,0,470,1B782,D9A31111,D3142492
2A194C4E,3616C23A,2BE879C5,3AA67F8B,1,3D28,5F1F,2BE8797E,3AA68000
D427F99B,A852380C,D5FA0DBC,AACAB92E,0,4D36,783,D5FA0CCD,AACAB777
1FEF3B33,9D390ECC,22026B21,9E26055E,1,1AD1D,2F96,22026A4E,9E260690
D65CB549,7BF9F2E,D8719047,919AB5A,0,1753C,589E,D8719111,919AAAB
E3B9A710,11A9D9F1,E5453392,126550CE,1,1ADE6,9C69,E5453411,126550B2
2969D702,36019756,2A432DB0,39391E91,0,1CF7D,16963,2A432CCD,39391DDE
364DE8D9,61F45B2E,37E13C76,6460D6F7,1,1C1D2,1D791,37E13CBF,6460D99A
F18E210A,1F5985F7,F2DC456A,2198A62A,0,1D741,B2C9,F2DC4666,2198A6DB
2481A740,46583BDE,25755AA7,49D6E8D2,1,14418,30C4,25755B1E,49D6EA0F
CF8B11C3,6EBF6C52,D19B2675,6EC5D773,0,40BA,1A2A4,D19B2666,6EC5D70A
23684AA4,A57D90FF,2558CABE,A7A4D4BF,1,136ED,1D712,2558C9C3,A7A4D41D
F2F3DDD6,7B241213,F3DB26EE,7B394F4A,0,4EBA,DF85,F3DB2666,7B394E99
EAC6B200,B4B0D792,EC1194E2,B5C918D7,1,D01B,6E20,EC1195B2,B5C91919
8264C33,CE01E97E,994391C,CE20D5D9,0,7D7B,166E1,994399A,CE20D612
D8A25D45,82C0389B,DA8BB724,84DD10AD,1,BC66,5473,DA8BB63D,84DD1249
DDC4B6A3,CE4C1EFE,DE93B8D4,D153C80D,0,553F,16A2F,DE93B99A,D153C99A
2736203D,6011CCA8,293E5EF0,6049D3C9,1,102C0,914E,293E5F75,6049D555
DA4863C7,AD4C9024,DB8BD382,AE4FA864,0,E98B,6307,DB8BD333,AE4FA983
E1A7B481,110A346C,E39B946A,121D206B,1,E9B6,3A03,E39B9387,121D2000
253C1800,754EF872,2653EF5F,78C92503,0,1F758,10700,2653EEEF,78C92492
E369D39F,DCB8381B,E42C8778,DCF47128,1,12C86,1ADF0,E42C8682,DCF471C7
2832F699,5E9A63A6,2884BD05,5F24A1D7,0,FE39,1C928,2884BDDE,5F24A000
CB3E7202,5A94392B,CB59811C,5BBDD110,1,1BB42,C03E,CB59822B,5BBDCCCD
20428628,9D256BF3,210072A1,9D9F7A3C,0,17836,7D15,21007333,9D9F79C2
15B76058,B3018DC0,17A2BD25,B359EAA1,1,E503,A86C,17A2BCBF,B359EB1A
1129D973,1B7472F0,11E6FCB6,1D18BC5D,0,6446,466F,11E6FBBC,1D18BB42
1EA61D4A,EDEF763D,1EE5C0E0,EFC1277B,1,3DE7,AB61,1EE5C116,EFC1279E
1FB89352,D24EDC18,21B83FF7,D4C5842C,0,1CE5E,7DB9,21B84000,D4C58333
D2EBB92C,3D06F8EB,D34C36D5,41787CEB,1,16521,14C79,D34C363D,41787B14
F606E0E2,37A08C29,F78EDCBC,39BC27CA,0,AF7,2942,F78EDBBC,39BC27B9
4406B4B,F105AFE0,476129E,F3234B10,1,E6D,2BFE,4761387,F3234B09
CDA8E090,734C6BF9,CEB626F8,77E43208,0,E562,1AB70,CEB62666,77E430C3
DFB7EB6F,D1A0C0FD,E0697E43,D3C8824B,1,170A0,1D63A,E0697DD5,D3C8831F
23110930,45C47477,24E7FAE0,491EA52D,0,14CBE,909E,24E7FBBC,491EA38E
AC1E8EB,20759D00,C5E5A02,2199D42F,1,1B37D,B34D,C5E58F3,2199D492
D29A6785,A7480A08,D47628D1,A9D60A99,0,19763,126D2,D4762889,A9D60925
3D66A848,9E9AC62E,3DC14C16,B8FC8901,1,7719,171F9,3DC14BEF,B8FC8000
3D582CCE,800007BF,3F5D7DED,C7F4DB37,0,1B3D3,18FEA,3F5D7DDE,C7F50000
29B2153C,E0CE176E,2A04F1DC,E296D209,1,15E47,1562C,2A04F0D0,E296D3DD
2C22DF66,F40DCD2D,2C51AAAB,F5AF12FA,0,C648,1D2EE,2C51AAAB,F5AF12F7
1E485280,49671E93,1FE68CC0,4ABDA944,1,B445,1F0C0,1FE68D04,4ABDA896
FBB4B60F,499C87DE,FD29FEB0,4B90FD68,0,ABAF,D4D5,FD29FDDE,4B90FDD5
31F0AE73,649533DC,34039DE6,6C02ADC7,1,1F9AB,18056,34039E5F,6C02B000
E36AF666,35A548A,E57EEB42,5D62D52,0,1937E,24A5,E57EEAAB,5D62E4C
ECB49A0C,9168D4BB,EDB280E6,91927674,1,19047,46A5,EDB28000,91927657
D3F780C0,15704A03,D5A6E18C,1655011B,0,263A,13BEC,D5A6E222,16550000
1AED0FA,BAD90E6A,2211443,BB89AAC2,1,FB3F,FA61,2211387,BB89A9EE
D451AF1C,3DE1F978,D52ECD5E,416B00AF,0,1EDF0,D23E,D52ECCCD,416B0000
CCA7B4E4,65C84D64,CE19575B,69F71B0C,1,FFAE,1BAAE,CE1956C8,69F71AF3
CD00ECB0,7D49DC71,CD617DCE,83DA10A5,0,45B3,1925E,CD617DDE,83DA0D79
23782DB6,F171FD8E,255F0588,F1E49FEF,1,139CD,2484,255F0682,F1E4A0EA
3D2B6EF7,7FFFF149,3EB1CDBB,BB54BAC4,0,16358,176A9,3EB1CCCD,BB548000
F96094CD,CC7D01E0,FA89CDB0,CD5FAB9C,1,17B85,10F5A,FA89CE1A,CD5FAC23
D2E73149,9FDC3F54,D30FB61D,A20FF4E6,0,EF5D,2F5E,D30FB555,A20FF685
FBF9C773,75D2D29C,FE0E9367,768D9C05,1,11AB8,1B82B,FE0E9387,768D9CB1
2E633CE3,65F5635E,2E7F0151,684D4589,0,1CB89,18E7D,2E7F0222,684D4555
277F2811,B5071C6F,28383951,B683C45B,1,89EA,1A0F1,28383868,B683C400
C95FE7E5,754F2884,CA441974,79B26C2E,0,CFEC,14F84,CA44199A,79B26DB7
F8852B63,B1BD3110,FA64DE38,B22AF0F0,1,16A7E,BB75,FA64DD4A,B22AF08D
D7E7A9C8,F34D387D,D8CB46BC,F4123131,0,19F49,D4D5,D8CB4666,F41230F1
E5798B72,3D827BC1,E65A4FAE,3FEB6382,1,2DA1,1786F,E65A5045,3FEB64C4
1520F13F,EAEB14F5,154A9A6D,EBA22F9E,0,1FAF8,1E29F,154A999A,EBA22FB0
EA5696EF,7147B392,EB8FDBB2,72F3A0E2,1,944F,1CD12,EB8FDB1E,72F3A0A1
2D2BD478,188FD680,2E6ACA2B,1D9C1E88,0,1C20F,1C87E,2E6ACAAB,1D9C1EB8
C8CDA19,6B45F258,DA7725C,6BCC81C9,1,4B2F,51E0,DA772FC,6BCC8254
F2ADB26B,4ECCC7D7,F39B1F32,4F3A1AC8,0,30B7,147E0,F39B2000,4F3A1AF3
8910999,BE803BB4,9DCDCA3,BFFCE4C6,1,8BCE,17E9E,9DCDD4A,BFFCE50D
C46FBBF5,6C864C75,C48458F2,7849BD66,0,1E0A,1A375,C484599A,7849C000
DAE76744,E2230A71,DC16CB29,E388A3A9,1,17282,1C57F,DC16CBEF,E388A298
32A8566B,7DBC0743,33F197BC,8471F196,0,593F,19722,33F19777,8471F0F1
33AE2E99,535AE0AB,34BDF42B,57C3A83A,1,4F8F,48EE,34BDF527,57C3AAAB
366C4922,1E51C94F,38849A34,28AF5504,0,7E28,12DB3,3884999A,28AF599A
1BD834C,8CC53654,3BDC1A8,8EEEDCFA,1,1B977,C43C,3BDC116,8EEEDCB1
1C3C90B0,1E480CA7,1DF2DAB6,210997AC,0,9D7,15B4C,1DF2DBBC,21099746
202BEACA,4BEBA464,2235BDA6,4E6EA756,1,1C4C5,1E5B7,2235BCBF,4E6EA762
C4985EA5,76634CF3,C53E470F,879B44AB,0,7531,16A7E,C53E4666,879B4925
D7EB1ADD,F2691E26,D92A7019,F473F742,1,1990,105E6,D92A70D0,F473F83E
CB88171A,DAAB72B7,CC3EF4B3,E0BD4F59,0,1BD83,1D925,CC3EF555,E0BD52D3
1D1B8D7F,CE313A1E,1D591171,D0667F47,1,1870E,1A33C,1D59115B,D0668000
FCE0BBAE,47EC060D,FD56DA32,48876E01,0,C0B6,16E6D,FD56D99A,48876EA5
E79EC16F,12DE484C,E7F464CF,14F5A5B2,1,EAA6,1DC1E,E7F463CC,14F5A555
E3A4915,5B0D4C98,F516CE9,5C2C389D,0,12E2B,19B00,F516CCD,5C2C37DB
D082D61E,8C93E1C0,D1BB9AF5,90C090B0,1,AC79,1241B,D1BB9A09,90C09000
225990D1,83451B5D,2385259E,85962AF6,1,5F5F,9D68,238524E2,85962983
D3E3A2FB,878F8006,D4E04831,87A981AA,0,1C922,BC67,D4E04889,87A98000
D0259F5F,49DEFD9D,D0EA7E0F,4DF7B1C1,1,4C16,282,D0EA7DD5,4DF7B216
C257D27E,3A0620A1,C322542E,45BD6C17,0,17817,2DEB,C3225333,45BD6000
FAEDBD8F,F5C167ED,FBC3F2D2,F7B22FF7,1,C52,3CBE,FBC3F2FC,F7B2308D
4F7BE91,FD809E8D,509E4A1,FE965291,0,5CA3,1594A,509E444,FE965271
CC86AE95,C0AC7F76,CDF7D02F,C69A86FC,1,F03A,17AF0,CDF7D045,C69A86BD
A440439,F1A25381,BD7F3F0,F24323AB,0,18D3A,1E1E6,BD7F333,F24323EE
17E0BBCB,C168A26E,19526501,C2F4F043,1,1ABFB,195F0,195265F7,C2F4EFA9
C549F23A,118BB92F,C6D6BE0E,15439702,0,134A9,17EC1,C6D6BDDE,15439C72
3DD39CE5,7FFFDA33,3E12BCBC,A0354055,1,9CA3,1406B,3E12BCBF,A0358000
E299BFF7,88FC716,E3A49C28,99B2480,0,B529,173C1,E3A49BBC,99B242D
FF3D157D,76AE67EE,52A8F4,772FB944,1,261A,1A0,52A938,772FB961
FC9C6078,E195AC6B,FD0642E6,E34EB9BB,0,9AEF,C64A,FD064222,E34EBA94
C3DD6A71,9055B3B2,C516D84C,9FBE9BF5,1,D888,17CEF,C516D8F3,9FBE9555
15DA73B9,D61CEAD0,176DB549,D7A76A72,0,FB6D,3D66,176DB555,D7A76B85
D343F783,A65E7E13,D3E95623,A7F17CDB,1,1AD8E,16CF0,D3E956C8,A7F17B42
2FDC4D64,B83567D8,2FEE7BF5,B8430E4D,0,77CA,1AB86,2FEE7BBC,B8430BA3
EABF003F,EE5FD465,EB9864E9,EE89478E,1,983F,10AB3,EB9865F7,EE8948C9
CF75F5D,C26A56C4,DD1CE64,C3372F59,0,7A59,16825,DD1CEEF,C3373000
E2203A1F,75AFD7CC,E2362324,762D9668,1,44F4,1B351,E23622B6,762D97D0
32D78203,3D654F04,33D2232B,3ED5BAF2,0,4A80,5863,33D22222,3ED5BC3C
2ABE6E76,7692CD52,2AFC1DA1,788CC40D,1,1D036,5ECB,2AFC1E5F,788CC492
ED8A6506,3520A54F,EEB4300F,36E46D18,0,1E477,1285E,EEB43111,36E46D09
EF5957AA,A20753D9,F12C35F6,A34729BB,1,12A61,2894,F12C363D,A34729E4
F1B7A98A,F62D032C,F24E5E64,F6C0EF4B,0,194BC,1F469,F24E5DDE,F6C0F000
28C3BD23,E2A0CF53,29789AF3,E5BB35D8,1,11D97,1D7E1,29789A09,E5BB3777
EB257182,6615003F,EC1A9CC2,66DBE698,0,AC79,1C956,EC1A9BBC,66DBE762
F4EC21E7,2A834B7A,F6D15C06,2C016DF0,1,1C480,198A3,F6D15B1E,2C016E09
E4EBF511,2BDCF3D6,E52FCCB2,2E1A145C,0,16E68,ED93,E52FCCCD,2E1A1310
149278CD,303E1D0B,15B5EC87,31FB6C6A,1,1DB,18636,15B5EC79,31FB6B85
219FF18E,D392944D,22121000,D3A25489,0,1F878,22BA,22121111,D3A25333
FBBD930C,95A736DB,FC248966,970C7A7D,1,38D7,71A8,FC2488AE,970C7B96
C4C4BECF,32F2AEB0,C644471A,3B99DCFC,0,F001,30D2,C6444666,3B99E38E
D930FB39,76773B05,DAD16613,77F2A738,1,DC85,CC5A,DAD165F7,77F2A83B
679D4AF,CD924C59,7CEE21B,CDCE654C,0,1A8FA,14186,7CEE222,CDCE6584
1FFF1EA6,172F1946,221E7A2A,189AC91F,1,1BA0C,17F29,221E797E,189AC835
2F613F03,A489DDF7,300B7AE6,A7166D5B,0,8562,B7DB,300B7BBC,A7166E8C
959E2AD,FA3CF45B,A76CF1B,FC071E38,1,D2C3,3B2B,A76CE1A,FC071D31
C74D7BFB,3057F497,C885F05D,358C76FF,0,1FEC9,1052B,C885F111,358C7555
CBF1CA8F,8F945C8F,CDE23E7B,9397D48C,1,E649,C15A,CDE23EEA,9397D555
221E485F,9816698B,232A0FF1,988C293C,0,7BB7,1499C,232A0EEF,988C286C
74235C7,6B926D0F,8A272A6,6D5CFD5F,1,1FAE1,B369,8A272FC,6D5CFDC1
ED6DA4FB,F2A510F4,EE26094B,F303651A,0,1A1D4,856F,EE260889,F30365ED
1258D1BD,E98972D2,12EAACB8,EB8BCB38,1,B82C,1B0CB,12EAAD8F,EB8BCC4F
C465A308,BBA82086,C60D8FA8,C5CF60DE,0,D65B,5CF6,C60D8EEF,C5CF6000
161E393E,82A964DD,17429A88,84559167,1,B8B3,A8C2,17429A09,84559249
F6038282,F8C31C6D,F655E45D,F966B2D2,0,17843,10289,F655E444,F966B2C2
E893D840,C289543B,EA01E18E,C4BC5FF3,1,1DCDE,D995,EA01E1A1,C4BC5EB8
EEA56EA1,E6577B63,EEFCCC32,E6CCD614,0,680,15E6A,EEFCCCCD,E6CCD555
F90CEF3,202594BC,10FFBF76,206F84D2,1,1D5E2,16E2D,10FFBEEA,206F84D5
D811B557,38367D26,D8A6D984,3B3EA103,0,18E36,1BCA3,D8A6D99A,3B3EA1E2
1FE7E3C5,17B91EED,2189E20A,1A9BD381,1,1758E,1B7A,2189E1A1,1A9BD20D
EFCFDAA9,5C63BB59,F075E1A7,5E1CB055,0,B742,7054,F075E222,5E1CB0DF
302FBB25,9C26D451,31051F18,A1371E74,1,985C,1309D,31051E5F,A1372000
C5B4BF57,72B07DE3,C7C94DD8,7A3B3C75,0,1A65C,8117,C7C94CCD,7A3B3A2F
F70B19EA,736B162C,F9160EE2,7559CFEF,1,D02B,12CB2,F9160F30,7559CF73
C93DB67B,D0D55947,CA905086,D412D102,0,F3A6,DA34,CA905111,D412CCCD
E2B3771E,5DD515D,E3C1FF96,5F30E08,1,FB6C,1773,E3C20000,5F30E39
3472963D,CDB582A2,35CA4026,D1AD7865,0,136CE,EEF9,35CA4000,D1AD76DB
E8B02AB1,33DA2D16,EA5CBEF4,356B9E28,1,6C0,DE0A,EA5CBEEA,356B9EB8
3670E51C,855B0A71,380B692B,8653E89C,0,4559,18B36,380B6889,8653E8BA
E18C99E9,ED69E157,E1A5523C,EEB07131,1,234,2F46,E1A55271,EEB0711E
E8818B72,CFD25072,E934EA7B,D0DE2851,0,150CE,196C8,E934EAAB,D0DE28F6
C7D4DF38,D967F5E5,C97054BE,E0DE723C,1,D9C7,114DB,C970549C,E0DE7555
1E5BDA30,E9310AE9,202BCD1C,EB76A2C1,0,11488,142ED,202BCCCD,EB76A186
19049F69,97812F62,1A7AE95A,9A0B9154,1,34A8,15C28,1A7AEA4E,9A0B90B2
C7C333F0,3848C767,C87CF28C,3DBFCD5B,0,1FA92,1C9FB,C87CF333,3DBFCAAB
3D284A6E,80001094,3E3FC522,CC09C2C4,1,B165,19814,3E3FC56C,CC0A0000
F97FDFAF,92D98B91,FADD98F3,94DCE2D1,0,197E0,9DD1,FADD999A,94DCE3CC
D2CA0D09,7BA1E467,D339CDE0,7D538C30,1,15CA5,174F8,D339CE1A,7D5389D9
F6FD3D7,5C35798E,10C8E3F6,5CDFBB8A,0,1DE2B,12E63,10C8E444,5CDFBB42
26DA85D2,C9DE6E3F,28AA5BBA,CB604366,1,BE86,14150,28AA5B1E,CB604211
24EB6330,78AC4A66,25C6E98F,7B823D77,0,1B53D,1C59D,25C6E889,7B823E2C
2D4EA33E,F52F7104,2E462511,F81A0F88,1,15455,84E3,2E4624E2,F81A1000
CF57830D,1293D3D6,D031341E,14A6AB3E,0,19710,1B5F3,D0313333,14A6AC86
38E15FDB,E8B52066,3A47769A,E9449557,1,DCF1,C1C0,3A477752,E9449249
196C6FA0,333E6AE5,1AE321D8,35825842,0,9A78,1A5DC,1AE32222,35825726
D2B11FC7,6C2E94DB,D2FC0B85,6E119435,1,1402D,17F6F,D2FC0AD9,6E11947B
2DD561BF,AC36EF7B,2EB5E298,AC5A2E96,0,1E542,50E9,2EB5E222,AC5A3000
14358CDA,52501A7,14D65679,595A203,1,19ACC,399F,14D656C8,595A323
F21EAD15,980B0EC5,F30E5F43,988788CB,0,1EEBD,BB4C,F30E6000,98878925
29DB160F,33CEE245,2B336AEA,34ACE13F,1,1E9B3,185D1,2B336A4E,34ACE000
26877A37,C2300350,281239E6,C24738C6,0,C88B,165D,2812399A,C2473A2F
E4FCD999,F76BB4FD,E53EDA73,F9B843C5,1,1AAF9,1BE38,E53EDB1E,F9B842C8
17187BBF,66932631,188E2691,68BB4840,1,15186,1463B,188E270D,68BB4800
F99E2564,7D7EAA10,FAF41C89,7F1695A0,0,1A26D,9469,FAF41BBC,7F1695B2
290F52C9,817CB02F,2A5B27AD,81A09E90,1,18604,15E64,2A5B270D,81A09EE6
12D063CD,2E45A2EA,14AB4E78,2FDA6D62,0,1B04D,170BC,14AB4EEF,2FDA6C4F
C5CAE27E,3F4C75DE,C7B63750,421AC43C,1,DFD,12A17,C7B6363D,421AC000
C786CCC5,3766EA96,C8ED6336,416DC7D8,0,2F47,224B,C8ED6444,416DCAAB
10D0A20,4D614A99,1B3A430,4D9B504B,1,C8CE,12A60,1B3A4E2,4D9B4F73
F304C9D9,EF8921AF,F4E7F7F1,F0F1A8A6,0,CCBC,14B9D,F4E7F777,F0F1A86C
24B5BCF4,10371610,263D64F4,10F205BE,1,1A04D,804A,263D65F7,10F20788
E0A572A4,7A9E807F,E1F11A54,7C863C20,0,1E904,CE25,E1F1199A,7C863D17
E8F1A37A,4C7E6FE9,E9CE9342,4C82963C,1,1C538,1E303,E9CE9387,4C82970A
F1CAB776,5D104C98,F36BFC28,5D857042,0,1A9E,1A56C,F36BFBBC,5D857048
2EF9E40C,9B829247,2F08748B,9E888285,1,1ADE6,7C87,2F087527,9E888000
1B547DC0,9B511D71,1D04E40E,9D73650B,0,19A4B,15A92,1D04E444,9D736666
8FC919B,407A4FA6,AF4B5C0,4295B6AD,1,10CCC,12180,AF4B63D,4295B6DB
35C6C9FF,E4E3FD28,36B71556,EDA18CEB,0,1A5D2,2268,36B71555,EDA189D9
E1A620CF,F17C5A2F,E1B0EE19,F3FF6911,1,78E,1F7CD,E1B0EEA5,F3FF6830
FC363F5E,7E9F83C3,FC6E0B02,808466B5,0,5395,13D07,FC6E0AAB,808465F7
DE085301,8B57604D,DF7F21C7,8BAEFEC5,1,1049A,1A6B0,DF7F22B6,8BAF0000
D90FA71,87B38C0,FA74C41,8BE2093,0,1566C,1C1B2,FA74CCD,8BE2095
9DA400A,E7A784F6,AD9EB4D,E8BC414C,1,10072,1D25D,AD9EA4E,E8BC4249
E8E238CC,1E74A965,EAC17884,20DE3DC9,0,AB0,15A49,EAC17777,20DE3D8A
FB3A0805,2583E6B0,FD3B70DC,26D5272E,1,B966,19896,FD3B70D0,26D527B9
FA8D5148,A346FBC,FC3DD9B1,A6DCDD9,0,3CFE,CE9D,FC3DD99A,A6DCE1A
FD47ABAA,5DFCC23,FF13186A,702012C,1,192CD,12CE9,FF1317DD,7020235
F24DE9C8,47C2DF92,F2748D79,4A00EEB0,0,1A6A2,6068,F2748CCD,4A00EDB7
45466F,90ECEF9A,1462B80,925D7305,1,9658,5258,1462B64,925D72C2
EE45A77F,3913E62A,EE47DECF,3B6AD01A,0,1B1B0,11110,EE47DDDE,3B6AD098
DE97A032,72343C44,DF85D682,75044346,1,107B1,9155,DF85D6C8,75044333
730D02B,B01DB96F,7548915,B12B171E,0,16FA0,1A9DD,7548889,B12B17DD
F74713F5,87118B55,F8FCEDE8,8818C7DD,1,C496,1AB3B,F8FCEEA5,8818C8D4
FFD046EE,29A4F0CC,18F79CC,2B4EE3D4,0,BB41,1F65D,18F799A,2B4EE3CC
37C2F6F2,5EDA1C16,39299F96,660EFB92,1,5930,60F0,3929A08B,660F0000
361BCA41,3E4EC236,37F4CC49,413044E5,0,3AC0,19A26,37F4CCCD,413045D1
D735F849,F71445ED,D951FCF0,FAD5F1A6,1,2BCB,AB28,D951FDD5,FAD5F07C
D8BB6EF5,EF716B63,D93E4ABC,F00ABEFF,0,1D533,1C2DB,D93E4AAB,F00AC000
3785F18F,42AD886C,39245349,4AA5B1AA,1,56BE,AA5B,39245271,4AA5B000
9D09FAD,A7BDA58D,BEDD170,A7F34DF0,0,1977A,CA59,BEDD111,A7F34E99
248F279E,87C6051C,2667DE3E,893F2746,1,1B3E0,74C6,2667DD4A,893F25A6
C5E79E7A,20C40E66,C6A2E57A,2E3D1AA0,0,11C5C,1404C,C6A2E666,2E3D1C72
26109C83,E9D5F21B,26F9F141,EAFEE477,1,1F735,95B7,26F9F0D0,EAFEE4D9
CFDF6C79,E06D9292,D0940D68,E1297BE9,0,1C566,7574,D0940CCD,E1297A6F
F4AB47E8,1B13C36C,F502782B,1CB072A2,1,EF23,8D32,F5027752,1CB07249
16E81E11,6F518708,17250A4D,71D205CB,0,D95D,760A,17250AAB,71D2051F
29E9DEC2,A45F1B62,2BB64173,A4FB1BF2,1,2602,CCF8,2BB64116,A4FB1C72
EB6CF110,67001774,EC537D8E,68139A70,0,C723,1181E,EC537DDE,68139A91
2A858D1C,47D125F6,2B999FC8,4A52B078,1,18D0,1AD71,2B99A08B,4A52AF68
D8D171A6,EDA4767F,D94DF7D7,EFDE4DF0,0,1DC8C,1B70D,D94DF777,EFDE4F0F
167D0231,3217C18E,16981957,3466C553,1,6A1C,F58,16981A09,3466C688
25472465,58E5BFD3,259D3D1A,5B16CF81,0,1A1B5,19E6A,259D3DDE,5B16CE39
28711D80,CB2ADAE6,2949579E,CEC2CC60,1,107CE,75A8,294956C8,CEC2CCCD
DDF6C045,2BBCFAC2,DFC46123,2DF585E3,0,E40E,11490,DFC46222,2DF58618
CFA6E243,8EC54807,CFA77561,908C15DF,1,1B730,1B6FC,CFA77527,908C1862
308BA6FF,50930B94,30F54E77,5416585A,0,F2FD,1CBAA,30F54EEF,54165555
DD52E631,CB4D2BF9,DD730C42,CB7E96C3,1,1308,6995,DD730D04,CB7E9794
C65111D1,E3F824BA,C6A40CCA,F0F98A1C,0,11CE6,F18C,C6A40CCD,F0F98E39
E827020B,15D626C2,E84AE55E,1774A1CA,1,11286,FAA6,E84AE5F7,1774A1F6
DB8AB37B,98AE88E8,DD808D3A,99D0343D,0,1D442,DD70,DD808CCD,99D03483
